{
  "generated_at": "2025-10-26 13:27:43",
  "comparison": {
    "current_version": "v1.1.0",
    "baseline_version": "v1.0.0",
    "timestamp": 1761481663.2594802,
    "total_benchmarks": 4,
    "comparison_details": [
      {
        "benchmark_name": "fibonacci_recursive_15",
        "current_avg_ms": 1.353907585144043,
        "baseline_avg_ms": 0.32018423080444336,
        "change_ms": 1.0337233543395996,
        "change_percent": 322.85267508097843,
        "current_throughput": 738.602849243665,
        "baseline_throughput": 3123.2019062511636,
        "throughput_change_percent": -76.35110148449469,
        "current_memory_mb": 0.0,
        "baseline_memory_mb": 0.0,
        "is_regression": true,
        "is_improvement": false
      },
      {
        "benchmark_name": "fibonacci_iterative_15",
        "current_avg_ms": 0.0021219253540039062,
        "baseline_avg_ms": 0.0036954879760742188,
        "change_ms": -0.0015735626220703125,
        "change_percent": -42.58064516129032,
        "current_throughput": 471270.11235955055,
        "baseline_throughput": 270600.2580645161,
        "throughput_change_percent": 74.15730337078652,
        "current_memory_mb": 0.0,
        "baseline_memory_mb": 0.0,
        "is_regression": false,
        "is_improvement": true
      },
      {
        "benchmark_name": "list_comprehension",
        "current_avg_ms": 0.8247971534729004,
        "baseline_avg_ms": 1.2275099754333496,
        "change_ms": -0.4027128219604492,
        "change_percent": -32.80729525788814,
        "current_throughput": 1212.4193152090652,
        "baseline_throughput": 814.6573307047615,
        "throughput_change_percent": 48.82568038271982,
        "current_memory_mb": 0.0,
        "baseline_memory_mb": 0.0,
        "is_regression": false,
        "is_improvement": true
      },
      {
        "benchmark_name": "generator_expression",
        "current_avg_ms": 1.4056801795959473,
        "baseline_avg_ms": 1.0030508041381836,
        "change_ms": 0.40262937545776367,
        "change_percent": 40.14047681300658,
        "current_throughput": 711.3993741360448,
        "baseline_throughput": 996.9584749589978,
        "throughput_change_percent": -28.64302857094397,
        "current_memory_mb": 0.0,
        "baseline_memory_mb": 0.0,
        "is_regression": true,
        "is_improvement": false
      }
    ],
    "regression_analysis": {
      "has_regression": true,
      "regressed_benchmarks": [
        {
          "benchmark": "fibonacci_recursive_15",
          "change_percent": 322.85267508097843,
          "change_ms": 1.0337233543395996
        },
        {
          "benchmark": "generator_expression",
          "change_percent": 40.14047681300658,
          "change_ms": 0.40262937545776367
        }
      ],
      "improved_benchmarks": [
        {
          "benchmark": "fibonacci_iterative_15",
          "change_percent": -42.58064516129032,
          "change_ms": -0.0015735626220703125
        },
        {
          "benchmark": "list_comprehension",
          "change_percent": -32.80729525788814,
          "change_ms": -0.4027128219604492
        }
      ],
      "unchanged_benchmarks": [],
      "overall_change_percent": 71.90130286870163
    }
  },
  "summary": {
    "current_version": "v1.1.0",
    "baseline_version": "v1.0.0",
    "total_benchmarks": 4,
    "has_regressions": true,
    "regression_count": 2,
    "improvement_count": 2,
    "overall_change_percent": 71.90130286870163
  }
}