{
  "release_version": "v1.0.0",
  "timestamp": 1761481663.141932,
  "timestamp_iso": "2025-10-26T13:27:43.141935",
  "total_benchmarks": 4,
  "results": [
    {
      "benchmark_name": "fibonacci_recursive_15",
      "release_version": "v1.0.0",
      "timestamp": 1761481663.0617096,
      "duration_ms": 6.403684616088867,
      "iterations": 20,
      "avg_time_ms": 0.32018423080444336,
      "min_time_ms": 0.2872943878173828,
      "max_time_ms": 0.36406517028808594,
      "std_dev_ms": 0.01856548949184436,
      "throughput_ops_sec": 3123.2019062511636,
      "memory_peak_mb": 0.0,
      "cpu_avg_percent": 0.0,
      "metadata": {
        "algorithm": "recursive",
        "n": 15
      }
    },
    {
      "benchmark_name": "fibonacci_iterative_15",
      "release_version": "v1.0.0",
      "timestamp": 1761481663.0672083,
      "duration_ms": 0.07390975952148438,
      "iterations": 20,
      "avg_time_ms": 0.0036954879760742188,
      "min_time_ms": 0.0030994415283203125,
      "max_time_ms": 0.0059604644775390625,
      "std_dev_ms": 0.0007754634332897978,
      "throughput_ops_sec": 270600.2580645161,
      "memory_peak_mb": 0.0,
      "cpu_avg_percent": 243.1975,
      "metadata": {
        "algorithm": "iterative",
        "n": 15
      }
    },
    {
      "benchmark_name": "list_comprehension",
      "release_version": "v1.0.0",
      "timestamp": 1761481663.109021,
      "duration_ms": 24.550199508666992,
      "iterations": 20,
      "avg_time_ms": 1.2275099754333496,
      "min_time_ms": 0.6639957427978516,
      "max_time_ms": 1.5132427215576172,
      "std_dev_ms": 0.26281137497089085,
      "throughput_ops_sec": 814.6573307047615,
      "memory_peak_mb": 0.0,
      "cpu_avg_percent": 27.919999999999998,
      "metadata": {
        "type": "list_comprehension"
      }
    },
    {
      "benchmark_name": "generator_expression",
      "release_version": "v1.0.0",
      "timestamp": 1761481663.141872,
      "duration_ms": 20.061016082763672,
      "iterations": 20,
      "avg_time_ms": 1.0030508041381836,
      "min_time_ms": 0.8368492126464844,
      "max_time_ms": 1.4643669128417969,
      "std_dev_ms": 0.2041772281825675,
      "throughput_ops_sec": 996.9584749589978,
      "memory_peak_mb": 0.0,
      "cpu_avg_percent": 58.44499999999999,
      "metadata": {
        "type": "generator"
      }
    }
  ]
}